OBJECT_ID,RA,DEC,1_mag_0,1_mag_err_0,DATE-OBS_1_mag_0
216627812425858432,56.1407693734367,31.9750797729372,13.831973,0.018952401,2009-03-19T05:12:51.935
216629113800124544,56.2136633682903,31.9869091929182,17.570909,0.13140405,2009-03-19T05:12:51.935
216629530412699008,56.2197107946229,32.0157006509174,13.883685,0.019417522,2009-03-19T05:12:51.935
216629732274649856,56.2545074871248,32.0405655071199,15.545555,0.043118869,2009-03-19T05:12:51.935
216629874010076544,56.267738578528,32.0515453291477,15.294642,0.038094284,2009-03-19T05:12:51.935
216629869714526464,56.2726011917357,32.0522027883282,15.262393,0.037497153,2009-03-19T05:12:51.935
216629874010075776,56.2740247906534,32.0522264976992,13.158648,0.0138426,2009-03-19T05:12:51.935
216630144591496832,56.2558871077398,32.083816200326,12.199574,0.008875203,2009-03-19T05:12:51.935
216630080168504192,56.2632693014386,32.0681910277111,12.686273,0.011117498,2009-03-19T05:12:51.935
216630114528244480,56.2410190503904,32.0670977028137,14.711586,0.028729412,2009-03-19T05:12:51.935
216630045808768640,56.2544863374864,32.0555511061226,15.647942,0.045379617,2009-03-19T05:12:51.935
216653341711378560,56.2831775621383,32.067199195413,11.295011,0.0058448819,2009-03-19T05:12:51.935
216653337414917888,56.281817795256,32.0607788580442,15.136009,0.035254428,2009-03-19T05:12:51.935
216653371774925440,56.2917389586309,32.0801861505121,15.971772,0.05347232,2009-03-19T05:12:51.935
216653513510060032,56.3181020264611,32.1055305662588,11.094323,0.0053281281,2009-03-19T05:12:51.935
216653577934000640,56.28157329844,32.08715603265,16.697475,0.078649368,2009-03-19T05:12:51.935
216653616588333440,56.26158598094,32.09554843407,20.095642,0.87419907,2009-03-19T05:12:51.935
216653616587969408,56.2620973576961,32.0975060418631,18.104135,0.18618507,2009-03-19T05:12:51.935
216653650947835648,56.2761606400871,32.0978586083499,18.617115,0.26776326,2009-03-19T05:12:51.935
216653577933853696,56.278528058733,32.0947835728689,18.926529,0.33775968,2009-03-19T05:12:51.935
216653650947438208,56.2675554065909,32.0997662501589,17.684479,0.14118366,2009-03-19T05:12:51.935
216653749731821568,56.2850195686087,32.1171873288777,17.369148,0.11602828,2009-03-19T05:12:51.935
216653749732707328,56.27991979701,32.11409421747,17.450238,0.12192244,2009-03-19T05:12:51.935
216654131984022528,56.3212211864472,32.1321397947631,19.671037,0.6118064,2009-03-19T05:12:51.935
216654200704824064,56.3153678370707,32.1368267611398,13.041561,0.013109538,2009-03-19T05:12:51.935
216654303783015680,56.3258298168586,32.1612489594035,19.324489,0.46137681,2009-03-19T05:12:51.935
216654303784037504,56.32576511314,32.1479564991321,17.63228,0.13657984,2009-03-19T05:12:51.935
216669658291208448,56.0008319442914,31.9727348631739,14.724618,0.028909139,2009-03-19T05:12:51.935
216672686244092928,55.97767504087,32.00829852496,13.744775,0.018193999,2009-03-19T05:12:51.935
216674674813091072,56.0659744113383,31.9935537815995,15.035029,0.033568078,2009-03-19T05:12:51.935
216674576029703040,56.0764100428486,31.9634126433802,14.746167,0.029208959,2009-03-19T05:12:51.935
216674743532567296,56.1244943104932,31.9853014161812,14.879444,0.031139081,2009-03-19T05:12:51.935
216674816547870464,56.11878497334,31.99831367552,13.083054,0.013364691,2009-03-19T05:12:51.935
216674919625538048,56.1308120247353,32.0036473554265,12.247506,0.0090741018,2009-03-19T05:12:51.935
216674915331373440,56.1306249802657,32.0040742435841,12.25031,0.0090858769,2009-03-19T05:12:51.935
216675160145252992,56.1217106497975,32.0210302431377,14.102754,0.021523118,2009-03-19T05:12:51.935
216675160144055552,56.13467926161,32.02652479521,16.57744,0.073631674,2009-03-19T05:12:51.935
216675190209431680,56.10191126241,32.02879102375,15.63329,0.045048023,2009-03-19T05:12:51.935
216675224568907776,56.1205268730929,32.042036809711,16.787151,0.082672585,2009-03-19T05:12:51.935
216675125785515136,56.1241769959996,32.0151669248891,14.273657,0.023330269,2009-03-19T05:12:51.935
216675155849611136,56.12555356287,32.02171724018,14.471287,0.025620278,2009-03-19T05:12:51.935
216675430727449088,56.071914165816,32.0042518496035,15.894947,0.051411518,2009-03-19T05:12:51.935
216675744260806784,56.0107611628281,32.0263778745157,14.07817,0.021275438,2009-03-19T05:12:51.935
216675843044378624,56.09400587643,32.02435705562,15.234689,0.03699241,2009-03-19T05:12:51.935
216676014842489856,56.0816311885388,32.0402336109866,15.448886,0.04110024,2009-03-19T05:12:51.935
216675950419235840,56.0940449610662,32.031582256282,13.213395,0.014199557,2009-03-19T05:12:51.935
216675946123675648,56.0985232057793,32.0313076245285,14.074409,0.021237809,2009-03-19T05:12:51.935
216675946123594240,56.09458589656,32.02840714268,14.984191,0.032752525,2009-03-19T05:12:51.935
216675980482752768,56.1110822148464,32.0434404428077,15.508381,0.042329713,2009-03-19T05:12:51.935
216676186640925824,56.0564566360615,32.0502882564666,16.712239,0.079295,2009-03-19T05:12:51.935
216676117921705984,56.0644802216583,32.0430881075172,11.960751,0.0079477208,2009-03-19T05:12:51.935
216676190937404160,56.0484083817005,32.0536576587302,12.318333,0.0093762692,2009-03-19T05:12:51.935
216676152281444480,56.03833742191,32.04381984544,13.132251,0.013673772,2009-03-19T05:12:51.935
216676328376452352,56.0740261322466,32.0799159572743,14.148121,0.021988091,2009-03-19T05:12:51.935
216676328376452224,56.0756682389579,32.0825093653392,11.490499,0.0063965791,2009-03-19T05:12:51.935
216676534534783488,56.1925970476107,32.0535278428315,15.058734,0.033955884,2009-03-19T05:12:51.935
216676568894523520,56.1754782413259,32.0493545351194,13.424269,0.015664562,2009-03-19T05:12:51.935
216676564598303104,56.1709964177072,32.0380265295641,15.44578,0.041037163,2009-03-19T05:12:51.935
216676736397001472,56.1348520834143,32.0576326248626,15.501953,0.042194903,2009-03-19T05:12:51.935
216676671973739392,56.1486531947702,32.0509893484639,13.525037,0.016418356,2009-03-19T05:12:51.935
216676702037920128,56.12897751792,32.04559254336,15.363146,0.039398023,2009-03-19T05:12:51.935
216676878132165632,56.1608241832586,32.0851292451092,13.558386,0.016675929,2009-03-19T05:12:51.935
216676809411470592,56.1720352017136,32.0729616493837,18.133166,0.18991246,2009-03-19T05:12:51.935
216676775052953216,56.1582195744203,32.058255281092,12.26937,0.0091663162,2009-03-19T05:12:51.935
216676775052953600,56.16233501466,32.0554871673064,14.854121,0.030762052,2009-03-19T05:12:51.935
216676873835965952,56.1585779121936,32.0760472466474,16.837708,0.085052264,2009-03-19T05:12:51.935
216676912491904128,56.208240503024,32.062630970327,13.355412,0.015169936,2009-03-19T05:12:51.935
216676981211381632,56.1863201572096,32.0673671259008,11.542868,0.0065530553,2009-03-19T05:12:51.935
216676912491904512,56.2073907231038,32.0594477285447,14.368612,0.024402405,2009-03-19T05:12:51.935
216676981209823232,56.1913191234636,32.0657727934173,15.756144,0.047916225,2009-03-19T05:12:51.935
216676981210545152,56.19336270029,32.06277624907,19.283448,0.44648918,2009-03-19T05:12:51.935
216677011274916736,56.2034986904168,32.0720451938829,18.362924,0.22287062,2009-03-19T05:12:51.935
216677114353881088,56.21701390966,32.0796349125708,14.870084,0.030999149,2009-03-19T05:12:51.935
216677079994152960,56.2338531665601,32.0929088766278,17.973816,0.17052065,2009-03-19T05:12:51.935
216677084290589696,56.2367149853254,32.0958665173221,15.401043,0.040140511,2009-03-19T05:12:51.935
216677114354142848,56.2211394270282,32.0885785659611,17.13649,0.10098456,2009-03-19T05:12:51.935
216677153010066048,56.2337707268117,32.0990303292701,14.437245,0.025209539,2009-03-19T05:12:51.935
216677079994148864,56.2308597789469,32.0877859046222,17.306531,0.11171895,2009-03-19T05:12:51.935
216677290449022592,56.1775437042653,32.1054077814157,14.046227,0.020958048,2009-03-19T05:12:51.935
216677290447979904,56.18662889928,32.09460405663,18.235431,0.20379221,2009-03-19T05:12:51.935
216677221728502016,56.18935239937,32.0870524934,18.82353,0.31230578,2009-03-19T05:12:51.935
216677256089287296,56.1720512813263,32.0815131460569,15.590844,0.04410278,2009-03-19T05:12:51.935
216677286152839040,56.1833078507744,32.0943637467089,17.349023,0.11462097,2009-03-19T05:12:51.935
216677290447807104,56.1818588103997,32.0963438322878,17.59395,0.13331801,2009-03-19T05:12:51.935
216677217433107072,56.1954972640861,32.0935689458885,15.67152,0.045919066,2009-03-19T05:12:51.935
216677359168494080,56.2239281735902,32.1144551398018,14.276068,0.023356868,2009-03-19T05:12:51.935
216677565326935808,56.1125699676837,32.0788050912203,13.37595,0.015315776,2009-03-19T05:12:51.935
216677530967199232,56.1023759105474,32.0658868231617,13.766279,0.018378068,2009-03-19T05:12:51.935
216677565326936448,56.1203102996726,32.0730444457784,16.019041,0.054787971,2009-03-19T05:12:51.935
216677492310994816,56.1366528634446,32.0703538150357,14.777587,0.029652112,2009-03-19T05:12:51.935
216677462246173440,56.1147904975596,32.0505717214109,15.733821,0.047379933,2009-03-19T05:12:51.935
216677530967198976,56.1109524422605,32.0662132476926,13.091364,0.013416396,2009-03-19T05:12:51.935
216677492311821568,56.1229873551236,32.0679234523642,15.145561,0.035418675,2009-03-19T05:12:51.935
216677668404928896,56.12995867451,32.09966595312,13.562271,0.016706202,2009-03-19T05:12:51.935
216677599686672512,56.1486912616368,32.0813300071945,14.910519,0.031608582,2009-03-19T05:12:51.935
216677664110594560,56.1293012630333,32.0961211330108,14.847564,0.030665224,2009-03-19T05:12:51.935
216677698470254976,56.143513948535,32.1069747533009,14.415522,0.024951065,2009-03-19T05:12:51.935
216677595390211968,56.1431261622523,32.0727556093394,15.10869,0.034789254,2009-03-19T05:12:51.935
216677805843882496,56.0844746980917,32.0954988263595,14.997448,0.0329631,2009-03-19T05:12:51.935
216677840204841728,56.0928542419092,32.0952176342563,12.758713,0.011497102,2009-03-19T05:12:51.935
216677805845105408,56.0885592184265,32.0840293271101,13.764149,0.018359748,2009-03-19T05:12:51.935
216677767189697024,56.1165660603958,32.0888084445436,16.017268,0.054737949,2009-03-19T05:12:51.935
216677908924314752,56.1318898903123,32.1148500894032,14.731987,0.029011294,2009-03-19T05:12:51.935
216677977643790848,56.11619015432,32.12543592823,13.43141,0.015716789,2009-03-19T05:12:51.935
216677977643791232,56.1186105405435,32.1229068405017,13.206089,0.014151382,2009-03-19T05:12:51.935
216677908924315776,56.1272395248831,32.1082841280659,14.059684,0.021091161,2009-03-19T05:12:51.935
216677908924315904,56.1299951457431,32.106149024747,10.22593,0.0035704519,2009-03-19T05:12:51.935
216677977642227456,56.1136600596123,32.1215923950061,15.596769,0.044233367,2009-03-19T05:12:51.935
216677938988038528,56.0986390529432,32.112926615895,13.554979,0.016649422,2009-03-19T05:12:51.935
216677938988392320,56.1066169687746,32.1071480005055,21.317689,2.5561128,2009-03-19T05:12:51.935
216677943284055808,56.1064684825792,32.1047458461891,13.149595,0.013784463,2009-03-19T05:12:51.935
216677874564578944,56.1237711470986,32.0978307170534,14.663055,0.02807057,2009-03-19T05:12:51.935
216678046361694336,56.1790805368955,32.1149131618244,15.82749,0.049677475,2009-03-19T05:12:51.935
216678080723006464,56.1452940820304,32.1093674689797,12.796069,0.011697958,2009-03-19T05:12:51.935
216678012003529984,56.155822389077,32.1032764636081,13.406542,0.015535664,2009-03-19T05:12:51.935
216678115082741248,56.1634809917376,32.1265435695545,12.100554,0.0084781038,2009-03-19T05:12:51.935
216678115082741632,56.1602051672827,32.12659998872,12.110358,0.0085166118,2009-03-19T05:12:51.935
216678046361699584,56.171711888431,32.1075459816969,15.191724,0.036224395,2009-03-19T05:12:51.935
216678012002576640,56.16634242764,32.10357758416,15.994368,0.054096595,2009-03-19T05:12:51.935
216678076426514304,56.1539433088013,32.1126576207655,10.519857,0.0040883916,2009-03-19T05:12:51.935
216678007707900416,56.1619148250993,32.1101215252861,15.074327,0.034213642,2009-03-19T05:12:51.935
216678110787115776,56.1554975654111,32.1197788182649,14.650993,0.027909333,2009-03-19T05:12:51.935
216678149442478080,56.1860263223808,32.1250586189663,14.504866,0.026032379,2009-03-19T05:12:51.935
216678252521690624,56.1857402127688,32.1368188641186,12.841564,0.011947389,2009-03-19T05:12:51.935
216678252521690880,56.1809151126418,32.138127847707,13.401437,0.015498745,2009-03-19T05:12:51.935
216678149442477696,56.1814392159182,32.1283343144533,12.750443,0.011453105,2009-03-19T05:12:51.935
216678252521690368,56.1781566445145,32.1427133303111,13.811656,0.018772829,2009-03-19T05:12:51.935
216678213866423424,56.1712877792605,32.1354099292785,15.04027,0.033653408,2009-03-19T05:12:51.935
216678145146947712,56.1812925029145,32.1285979395122,12.749227,0.011446655,2009-03-19T05:12:51.935
216678248226162944,56.1842923005366,32.1464911377213,15.562545,0.043485037,2009-03-19T05:12:51.935
216678389960646912,56.135759139955,32.145135249123,12.939315,0.012501728,2009-03-19T05:12:51.935
216678321241170304,56.1605747804231,32.1335202862816,12.556992,0.010471263,2009-03-19T05:12:51.935
216678321241170432,56.1578172335016,32.1344978653363,11.543366,0.0065545628,2009-03-19T05:12:51.935
216678355600911488,56.1213174385903,32.1326129098835,15.300369,0.038201427,2009-03-19T05:12:51.935
216678355600912128,56.1262379195946,32.1285214185779,14.371091,0.024431079,2009-03-19T05:12:51.935
216677973347630592,56.1212772882507,32.130848082248,14.571535,0.026871524,2009-03-19T05:12:51.935
216678355599962752,56.13049404778,32.12492969167,18.021431,0.17604853,2009-03-19T05:12:51.935
216678286879869056,56.1418318684951,32.1158626284196,14.585255,0.02704774,2009-03-19T05:12:51.935
216678385665110912,56.1364130797041,32.1437464084239,12.154071,0.0086904486,2009-03-19T05:12:51.935
216678351305258240,56.1349078490022,32.13423711682,17.056141,0.096360161,2009-03-19T05:12:51.935
216678286881434368,56.1459316660369,32.1269689703569,12.221538,0.008965795,2009-03-19T05:12:51.935
216678286881434240,56.1473519374492,32.12673440372,12.27889,0.0092067647,2009-03-19T05:12:51.935
216678316945547008,56.1479614054081,32.1346182741375,14.598323,0.027216738,2009-03-19T05:12:51.935
216678389960646400,56.1357085875727,32.148840186585,13.114722,0.013562819,2009-03-19T05:12:51.935
216678389960645888,56.1415817550955,32.1483818427754,13.235094,0.014343617,2009-03-19T05:12:51.935
216678389960647552,56.1313683748617,32.1458224273808,12.297607,0.009286811,2009-03-19T05:12:51.935
216678493039858688,56.1497720856877,32.1567519107722,14.832248,0.030440353,2009-03-19T05:12:51.935
216678458680119296,56.1631798605458,32.1550809150209,11.417521,0.0061847606,2009-03-19T05:12:51.935
216678493039860480,56.1477045731287,32.148999758034,13.905271,0.019615158,2009-03-19T05:12:51.935
216678527399593728,56.164281780493,32.1689260661421,15.067775,0.034105079,2009-03-19T05:12:51.935
216678458680118912,56.1755551321785,32.1505717237166,11.170284,0.0055181,2009-03-19T05:12:51.935
216678458680119168,56.1750229204557,32.1499961757971,11.174841,0.0055297093,2009-03-19T05:12:51.935
216678527399594880,56.1632998382885,32.162478070228,13.272987,0.014598783,2009-03-19T05:12:51.935
216678420024852992,56.1633489071438,32.137152880761,15.617281,0.044688843,2009-03-19T05:12:51.935
216678523104067200,56.1589298289166,32.1726587613027,15.46645,0.041458988,2009-03-19T05:12:51.935
216678488744327808,56.1516969423622,32.1554654026476,14.983923,0.032748278,2009-03-19T05:12:51.935
216678493039858560,56.1549467177282,32.1544753309183,13.817101,0.018820782,2009-03-19T05:12:51.935
216678523104066944,56.1576259019158,32.1687355939069,14.230223,0.02285645,2009-03-19T05:12:51.935
216678454384591872,56.1694156488562,32.1614414801965,17.195,0.1045268,2009-03-19T05:12:51.935
216678454384591616,56.1673066822122,32.1536002445862,13.91196,0.019676824,2009-03-19T05:12:51.935
216678454384591744,56.16767024178,32.15917439935,14.228798,0.022841078,2009-03-19T05:12:51.935
216678424320384128,56.1540836546972,32.1428492432683,13.671272,0.017579043,2009-03-19T05:12:51.935
216678424320382848,56.1612788773486,32.1450130199953,11.916284,0.0077861245,2009-03-19T05:12:51.935
216678493039859328,56.1558591356738,32.1502550833022,12.71749,0.011279503,2009-03-19T05:12:51.935
216678424320382336,56.1611826566176,32.1491029229151,13.674726,0.017607457,2009-03-19T05:12:51.935
216678660542082560,55.9834703800589,32.0370237127476,11.402769,0.0061428039,2009-03-19T05:12:51.935
216678733556498432,56.0150200613946,32.0425057044845,14.926825,0.031857994,2009-03-19T05:12:51.935
216678729261562368,56.0151527596129,32.04307618944,14.924984,0.031829726,2009-03-19T05:12:51.935
216678935420000128,55.967035232954,32.0610944169568,15.01634,0.033265733,2009-03-19T05:12:51.935
216679210297924096,56.0320915201081,32.0847507111959,14.751264,0.029280366,2009-03-19T05:12:51.935
216679210297911680,56.0312796626875,32.0691299899985,14.533365,0.02638764,2009-03-19T05:12:51.935
216679214594380032,56.0283703359892,32.0780086279495,15.215626,0.036649467,2009-03-19T05:12:51.935
216679141578433920,56.04218451588,32.06789947079,13.946317,0.019996728,2009-03-19T05:12:51.935
216679279017661824,56.0687819752429,32.092444314866,13.812992,0.018784575,2009-03-19T05:12:51.935
216679352033331840,56.0468870032675,32.1033750471058,13.652702,0.01742709,2009-03-19T05:12:51.935
216679382096866944,55.999500914007,32.0781816367219,14.982535,0.032726332,2009-03-19T05:12:51.935
216679420752810368,56.0184372865018,32.0816559399136,15.166531,0.035782218,2009-03-19T05:12:51.935
216679455110999168,55.9965058408445,32.099113389501,15.7541,0.047866821,2009-03-19T05:12:51.935
216679626911236352,56.0282754116889,32.1316958557444,13.818361,0.018831893,2009-03-19T05:12:51.935
216679558191760640,56.0381184480984,32.1192639447855,11.473531,0.006346689,2009-03-19T05:12:51.935
216679626911237120,56.0352864596832,32.1212644288834,11.43985,0.006248811,2009-03-19T05:12:51.935
216679626909685888,56.0254763422302,32.1186771060219,14.291594,0.023528937,2009-03-19T05:12:51.935
216679626911238016,56.02588874071,32.11849780149,14.289282,0.023503233,2009-03-19T05:12:51.935
216679622615070848,56.0335715681511,32.1156763993755,14.488255,0.025827651,2009-03-19T05:12:51.935
216679729989231744,55.9382441034881,32.0663115318242,12.217422,0.008948746,2009-03-19T05:12:51.935
216680034931659136,55.9191762757928,32.1049237291073,16.168753,0.059212173,2009-03-19T05:12:51.935
216679966212425088,55.9384388307773,32.0902213062132,16.388697,0.066503054,2009-03-19T05:12:51.935
216680103651399296,55.955843679116,32.117491465734,18.589769,0.26244456,2009-03-19T05:12:51.935
216680176665505920,55.9367769118494,32.1190164274156,16.375333,0.06603055,2009-03-19T05:12:51.935
216680309809831552,55.9795601669949,32.1207165662748,15.276737,0.037761468,2009-03-19T05:12:51.935
216680382825480576,56.0220201376265,32.1340175381199,15.428664,0.040691499,2009-03-19T05:12:51.935
216680348465744128,56.0171054769736,32.1214077283087,14.295062,0.023567552,2009-03-19T05:12:51.935
216680515970990976,55.9742017204953,32.125078286034,14.865731,0.030934303,2009-03-19T05:12:51.935
216680554623040512,55.9492319411852,32.1294722495661,17.859918,0.15814398,2009-03-19T05:12:51.935
216680515968018304,55.9802947883935,32.1314796714227,14.541241,0.026486718,2009-03-19T05:12:51.935
216680515968013184,55.9731418476538,32.1241887433389,16.706878,0.079059797,2009-03-19T05:12:51.935
216680481608273024,55.9556738512537,32.1231127269344,16.638248,0.076123185,2009-03-19T05:12:51.935
216680588983911936,55.9716563131968,32.1457139877131,15.732608,0.047350977,2009-03-19T05:12:51.935
216680554624176000,55.9531913260529,32.1259205894197,13.827808,0.018915441,2009-03-19T05:12:51.935
216680481609147520,55.96299103822,32.11717865921,18.261118,0.20747123,2009-03-19T05:12:51.935
216680554622625024,55.96063534154,32.13371777631,18.323518,0.21675065,2009-03-19T05:12:51.935
216680554622626304,55.9526590802653,32.1253503267378,13.835162,0.018980747,2009-03-19T05:12:51.935
216680554622626432,55.95272539554,32.12579006055,13.831409,0.018947393,2009-03-19T05:12:51.935
216680588982779264,55.9611496411423,32.1451430935167,19.251629,0.43532021,2009-03-19T05:12:51.935
216680726422962304,55.9917983823136,32.1630853145686,12.00673,0.0081183658,2009-03-19T05:12:51.935
216680692063125504,55.9812972865071,32.1589374241759,12.827742,0.011871046,2009-03-19T05:12:51.935
216680623343650176,55.9841752265689,32.1433939632452,13.911844,0.019675753,2009-03-19T05:12:51.935
216680722126476800,55.9800498563961,32.168627996527,18.081547,0.18334681,2009-03-19T05:12:51.935
216680722127208320,55.9849433631902,32.1664474589773,16.270188,0.06244976,2009-03-19T05:12:51.935
216680726422967424,55.9956737540446,32.1662805500068,17.233188,0.10692248,2009-03-19T05:12:51.935
216680790845911040,56.083394735005,32.1126693632629,14.607963,0.027342114,2009-03-19T05:12:51.935
216680863861815680,56.0801602505541,32.1263230933392,13.138611,0.013714254,2009-03-19T05:12:51.935
216680795141120256,56.08813616557,32.10461277339,16.120912,0.057754241,2009-03-19T05:12:51.935
216680756486417024,56.0799023484064,32.0999827765775,15.531527,0.042819137,2009-03-19T05:12:51.935
216680795142439936,56.0902548812304,32.1069103780221,13.751841,0.018254269,2009-03-19T05:12:51.935
216680859565397888,56.0760638163272,32.1257037699754,14.935646,0.031993802,2009-03-19T05:12:51.935
216680863860255488,56.0792008968432,32.1266047196999,13.244999,0.014409874,2009-03-19T05:12:51.935
216680932580072960,56.11069869592,32.13904797322,12.570834,0.010538598,2009-03-19T05:12:51.935
216680893925385344,56.0984379728,32.11990627968,15.665648,0.045784036,2009-03-19T05:12:51.935
216680932580098560,56.1014121884039,32.132952379194,16.098093,0.057073746,2009-03-19T05:12:51.935
216680928285636096,56.1111853896386,32.1389929316842,12.568316,0.010526315,2009-03-19T05:12:51.935
216680966941030272,56.0877544966392,32.1274243816678,12.311204,0.009345403,2009-03-19T05:12:51.935
216681104379984768,56.0467580557161,32.1378420559966,14.034517,0.020842939,2009-03-19T05:12:51.935
216681100084326656,56.0426037452124,32.1262567232689,15.415946,0.040436752,2009-03-19T05:12:51.935
216681207459196160,56.084050374223,32.1490450871892,13.650226,0.01740693,2009-03-19T05:12:51.935
216681237523246208,56.0648985556592,32.1560703444234,15.538627,0.042970552,2009-03-19T05:12:51.935
216681168803302912,56.07247852964,32.14312545946,17.881623,0.16041449,2009-03-19T05:12:51.935
216681276178672000,56.0684247489552,32.1653463951041,12.961326,0.01263011,2009-03-19T05:12:51.935
216681271882290560,56.0758442372644,32.1664922121241,14.005372,0.020559274,2009-03-19T05:12:51.935
216681207459195392,56.0796800104679,32.1586896467856,12.398287,0.0097295902,2009-03-19T05:12:51.935
216681374962235776,56.1073048004315,32.1516543718601,15.474487,0.041624321,2009-03-19T05:12:51.935
216681310538409216,56.1252318695806,32.1469394817629,15.131697,0.035180561,2009-03-19T05:12:51.935
216681344898144896,56.1365156724653,32.1543804930717,13.353805,0.015158584,2009-03-19T05:12:51.935
216681340602609792,56.1305631421189,32.1580924838997,15.312414,0.03842787,2009-03-19T05:12:51.935
216681340602609024,56.1248534528945,32.1609616564273,15.579505,0.043854088,2009-03-19T05:12:51.935
216681340602609152,56.1249585936435,32.1558492352789,13.516713,0.016354699,2009-03-19T05:12:51.935
216681344898253440,56.1283968549532,32.1655015335628,12.02689,0.0081943446,2009-03-19T05:12:51.935
216681551056567424,56.1450930555978,32.188341139205,13.97621,0.020279457,2009-03-19T05:12:51.935
216681447977358464,56.1387658832765,32.1610033775048,13.237036,0.014356587,2009-03-19T05:12:51.935
216681447977357568,56.14253643744,32.16295124441,8.8312794,0.0018779807,2009-03-19T05:12:51.935
216681482337093120,56.1427613555055,32.180479952105,13.211167,0.014184851,2009-03-19T05:12:51.935
216681516696832512,56.1305998033036,32.1797185344223,13.745054,0.018196375,2009-03-19T05:12:51.935
216681447977356544,56.1473067740705,32.1679478389251,9.1684515,0.0021935108,2009-03-19T05:12:51.935
216681516696833408,56.1238418590996,32.1777366673186,12.326918,0.0094135778,2009-03-19T05:12:51.935
216681443681826688,56.1452652427362,32.1648699453808,14.097915,0.02147413,2009-03-19T05:12:51.935
216681478041565696,56.151692925,32.17473139556,16.627464,0.075673948,2009-03-19T05:12:51.935
216681443681826560,56.1439735934615,32.1716347507535,17.189566,0.10419136,2009-03-19T05:12:51.935
216681443680872704,56.1424932504303,32.1628127670235,8.8310032,0.0018777419,2009-03-19T05:12:51.935
216681551054968576,56.1497292854511,32.1881868789273,16.692306,0.078424891,2009-03-19T05:12:51.935
216681585416316032,56.0981909921785,32.1594256670215,14.555192,0.0266632,2009-03-19T05:12:51.935
216681654135789696,56.0900450559728,32.1771329486054,12.137359,0.0086235704,2009-03-19T05:12:51.935
216681585416314368,56.0898067028192,32.1715202670851,13.759221,0.018317439,2009-03-19T05:12:51.935
216681688495523712,56.0957278361155,32.1992375336063,13.980601,0.020321338,2009-03-19T05:12:51.935
216681581120776576,56.1011887649989,32.1720883388696,14.235062,0.02290873,2009-03-19T05:12:51.935
216681585416313216,56.1027792601731,32.1708547454378,11.688,0.0070070952,2009-03-19T05:12:51.935
216681581120776704,56.1023918160356,32.1675211450798,15.540513,0.043010863,2009-03-19T05:12:51.935
216681688495526016,56.0999334508073,32.1833495950869,12.608478,0.010723943,2009-03-19T05:12:51.935
216681615480515200,56.1054301992852,32.1702175375994,15.419937,0.040516506,2009-03-19T05:12:51.935
216681615480430976,56.11355281526,32.17702058221,13.791815,0.018599151,2009-03-19T05:12:51.935
216681688494408576,56.09067601856,32.18731421711,18.340258,0.21932537,2009-03-19T05:12:51.935
216681791574735744,56.1065458384108,32.2083189086988,13.220978,0.014249732,2009-03-19T05:12:51.935
216681757214998656,56.1309759462116,32.1915303871882,14.632764,0.02766752,2009-03-19T05:12:51.935
216681791574739072,56.1065983495833,32.1918186139952,11.952016,0.0079157131,2009-03-19T05:12:51.935
216681787278619520,56.0989829131291,32.1988932796377,15.803473,0.049076419,2009-03-19T05:12:51.935
216681718559730816,56.11612563942,32.181195664,12.9258,0.012423554,2009-03-19T05:12:51.935
216681718559627520,56.1183683330016,32.189577260885,13.891205,0.019486142,2009-03-19T05:12:51.935
216681752919139072,56.126174789678,32.1931110454902,15.34579,0.039063089,2009-03-19T05:12:51.935
216681791573145344,56.10627488312,32.1919892291,11.949877,0.0079078948,2009-03-19T05:12:51.935
216681757213401984,56.13081713571,32.19135700257,14.633282,0.02767436,2009-03-19T05:12:51.935
216681757213400064,56.13358041696,32.19553370813,10.622996,0.0042874456,2009-03-19T05:12:51.935
216681757214997504,56.1331624767023,32.1955200822098,10.623428,0.0042882996,2009-03-19T05:12:51.935
216681929013704448,56.0176457337502,32.1607138610694,15.435086,0.040820816,2009-03-19T05:12:51.935
216681855998071296,56.0293670758458,32.1456555645452,18.847247,0.31796256,2009-03-19T05:12:51.935
216681929013704192,56.0208398914353,32.1649397311747,13.036077,0.013076189,2009-03-19T05:12:51.935
216681890357576704,56.0416433132964,32.1615973186592,15.599723,0.044298628,2009-03-19T05:12:51.935
216681929012609280,56.02445348989,32.15106092884,18.875653,0.32489619,2009-03-19T05:12:51.935
216682032092063488,56.06230299636,32.18153231989,18.769246,0.29979643,2009-03-19T05:12:51.935
216682100812391168,56.0531834293929,32.1820289134381,15.870749,0.050781565,2009-03-19T05:12:51.935
216682027797374976,56.0648180014836,32.1709148056943,17.115058,0.099724517,2009-03-19T05:12:51.935
216682032092915328,56.0588524899633,32.1745415103568,13.624487,0.0171988,2009-03-19T05:12:51.935
216682203890484736,55.99556688398,32.17323427535,19.225335,0.4263291,2009-03-19T05:12:51.935
216682203891609984,55.999672920632,32.1799200409332,15.3636,0.039406829,2009-03-19T05:12:51.935
216682238251347456,55.9995168953916,32.1877910325187,13.753412,0.018267698,2009-03-19T05:12:51.935
216682130875987968,56.0097434709836,32.1709888408808,15.973856,0.053529525,2009-03-19T05:12:51.935
216682165235496320,56.02369966852,32.17912127831,17.056961,0.096405972,2009-03-19T05:12:51.935
216682238249774464,56.0100298930094,32.1947685399009,18.327041,0.2172895,2009-03-19T05:12:51.935
216682233958032512,56.0099554560484,32.1908910237418,19.536457,0.54771533,2009-03-19T05:12:51.935
216682238251450240,56.0080321370787,32.18936744331,16.775034,0.082114459,2009-03-19T05:12:51.935
216682306969701376,56.0478835651486,32.2033790794715,20.312425,1.0530129,2009-03-19T05:12:51.935
216682375690295296,56.0240061524719,32.2080017324999,13.844693,0.01906573,2009-03-19T05:12:51.935
216682337034202368,56.0147038397315,32.1953241917341,17.142516,0.10134237,2009-03-19T05:12:51.935
216682302674465024,56.0442977319668,32.1956709344756,16.659528,0.077019273,2009-03-19T05:12:51.935
216682337034207488,56.0271372508764,32.2004179127239,18.198634,0.1986595,2009-03-19T05:12:51.935
216682478767926400,56.0661311484393,32.1971428474322,18.724058,0.28983049,2009-03-19T05:12:51.935
216682513129243264,56.077406202225,32.2147599510231,12.863291,0.012068406,2009-03-19T05:12:51.935
216682444409767552,56.0913068955055,32.2032092575228,13.462071,0.015943092,2009-03-19T05:12:51.935
216682444409767936,56.0930008844986,32.200200730444,13.151579,0.013797181,2009-03-19T05:12:51.935
216682513129244928,56.0746213636569,32.2056383926446,13.497292,0.016207172,2009-03-19T05:12:51.935
216682444409768320,56.0887097733683,32.1989791275833,13.839766,0.019021749,2009-03-19T05:12:51.935
216682474473986304,56.06744165478,32.20497515501,17.877051,0.15993288,2009-03-19T05:12:51.935
216682405753907200,56.0756818547245,32.1945601489597,16.030784,0.055120667,2009-03-19T05:12:51.935
216682405753899648,56.0753976523868,32.181513017378,12.901463,0.012284041,2009-03-19T05:12:51.935
216682474473163136,56.0593716635227,32.2012483824221,17.979235,0.17113895,2009-03-19T05:12:51.935
216682474473163648,56.0665521856275,32.2023281515429,17.816033,0.15367395,2009-03-19T05:12:51.935
216682513129356928,56.0681846549848,32.2149375871837,18.611917,0.26674242,2009-03-19T05:12:51.935
216682410048448000,56.0786315893106,32.1926747173167,16.906273,0.088415981,2009-03-19T05:12:51.935
216682646272344832,56.1035359533025,32.2300419092522,17.976539,0.17083099,2009-03-19T05:12:51.935
216682547488981248,56.0886281091019,32.2103493024069,14.740067,0.029123753,2009-03-19T05:12:51.935
216682547488981376,56.0871420567825,32.2103972365522,15.4477,0.041076148,2009-03-19T05:12:51.935
216682547488981504,56.0906671394745,32.2087077175825,14.519776,0.026217604,2009-03-19T05:12:51.935
216682646272526464,56.10587085511,32.2323324064,18.197521,0.19850673,2009-03-19T05:12:51.935
216682646272098944,56.0902076470359,32.2299098305336,17.304236,0.11156484,2009-03-19T05:12:51.935
216682783711185152,56.0427896145333,32.2334541958644,18.152784,0.19248321,2009-03-19T05:12:51.935
216682749351091712,56.0452466905131,32.2167806310701,17.983992,0.1716839,2009-03-19T05:12:51.935
216682684926723072,56.0535109889637,32.2089457967365,19.725458,0.64003554,2009-03-19T05:12:51.935
216682684927129344,56.05123036706,32.20584091541,19.762338,0.65997731,2009-03-19T05:12:51.935
216682719286079104,56.0540708760949,32.2209998984847,15.447547,0.041073026,2009-03-19T05:12:51.935
216682822365284224,56.0758160031397,32.2396049729054,17.275212,0.10963855,2009-03-19T05:12:51.935
216682925445026688,56.070053220863,32.254272459353,19.123547,0.3934611,2009-03-19T05:12:51.935
216682886790733696,56.0659789687174,32.2419837530926,16.366598,0.065723903,2009-03-19T05:12:51.935
216682818071370368,56.0809441158727,32.2361099574789,17.52875,0.12799006,2009-03-19T05:12:51.935
216682852430995584,56.0955803434766,32.244552005018,15.284729,0.037909633,2009-03-19T05:12:51.935
216682886790734080,56.0567095581695,32.2441025822722,16.660204,0.07704796,2009-03-19T05:12:51.935
216685949103101824,55.8836091512309,32.1048204846343,13.644762,0.017362535,2009-03-19T05:12:51.935
216686120901794176,55.8528764931311,32.0980945664079,16.593483,0.074279276,2009-03-19T05:12:51.935
216686223979871872,55.85024797703,32.12225286125,18.929521,0.3385346,2009-03-19T05:12:51.935
216686150965094784,55.8581663442863,32.11374394622,17.075679,0.09745996,2009-03-19T05:12:51.935
216691755897337984,55.8990330718716,32.1109029431367,16.859789,0.086118023,2009-03-19T05:12:51.935
216691854681926656,55.8980147107121,32.1288032130156,17.23008,0.10672499,2009-03-19T05:12:51.935
216691996415827072,55.9181129694246,32.1483541538455,19.388871,0.48587187,2009-03-19T05:12:51.935
216691927697575680,55.9359071236937,32.1382683554439,13.092156,0.013421335,2009-03-19T05:12:51.935
216691992120644480,55.9155459824101,32.147412692121,17.115094,0.099726661,2009-03-19T05:12:51.935
216692099496268288,55.8656256434039,32.1420997939579,14.876195,0.031090424,2009-03-19T05:12:51.935
216692133856006272,55.8814582709056,32.1477425569911,16.88744,0.087475966,2009-03-19T05:12:51.935
216692099494720256,55.8651957047304,32.141120212509,15.177907,0.035981136,2009-03-19T05:12:51.935
216692133854872960,55.87557743934,32.14477990489,17.8617,0.15832887,2009-03-19T05:12:51.935
216692163920047104,55.8954405754974,32.1527631514422,18.094648,0.18498641,2009-03-19T05:12:51.935
216692168214643968,55.90625012777,32.14325083008,17.821211,0.15419313,2009-03-19T05:12:51.935
216692232638818688,55.8960440634541,32.1543236186797,16.942584,0.090263906,2009-03-19T05:12:51.935
216692202574641792,55.90415113277,32.16179801987,19.222492,0.42536957,2009-03-19T05:12:51.935
216692198279082496,55.9059188342963,32.1565722862377,18.664836,0.27735509,2009-03-19T05:12:51.935
216692163919581824,55.9008069903611,32.1472875019111,18.355686,0.22173093,2009-03-19T05:12:51.935
216692370080602368,55.92508884797,32.15590011888,19.388771,0.48583278,2009-03-19T05:12:51.935
216692305654697088,55.9376722849872,32.1466488838713,14.768254,0.029519736,2009-03-19T05:12:51.935
216692301358292096,55.9412117222403,32.1497869831522,17.024124,0.094590945,2009-03-19T05:12:51.935
216692335718274816,55.94852461939,32.15067657441,15.719686,0.04704388,2009-03-19T05:12:51.935
216692546171734272,55.96349264646,32.17920702306,19.547761,0.55280228,2009-03-19T05:12:51.935
216692546171736320,55.9637509089229,32.1984283456555,18.790204,0.30455511,2009-03-19T05:12:51.935
216692477453484032,55.973147603508,32.1714624974932,17.513997,0.1268216,2009-03-19T05:12:51.935
216692473157009408,55.9745075586694,32.1817715741431,18.390609,0.22729544,2009-03-19T05:12:51.935
216692438797259136,55.9541434824533,32.1669151141732,17.445979,0.12160364,2009-03-19T05:12:51.935
216692541876492288,55.9648622602903,32.1900640571844,18.561023,0.25698854,2009-03-19T05:12:51.935
216692511811896960,55.9531275547893,32.1832263418344,18.173335,0.1952221,2009-03-19T05:12:51.935
216692477453384448,55.9772038103116,32.1705466940966,14.743706,0.029174561,2009-03-19T05:12:51.935
216692511813123456,55.9558272629719,32.1777495834894,14.02267,0.020727145,2009-03-19T05:12:51.935
216692610596191744,55.9344102509136,32.1743702872027,17.712343,0.14372046,2009-03-19T05:12:51.935
216692679315449344,55.9174231526447,32.193995897322,17.571242,0.13143145,2009-03-19T05:12:51.935
216692821049201280,55.9402461794931,32.2026777937133,17.472823,0.12363028,2009-03-19T05:12:51.935
216692713675411072,55.9435367227241,32.1849891195646,15.819893,0.049486429,2009-03-19T05:12:51.935
216692816754641920,55.9437694393919,32.2116412891818,18.529326,0.25112881,2009-03-19T05:12:51.935
216692821050765568,55.9445703517998,32.2080865829989,18.356696,0.22188956,2009-03-19T05:12:51.935
216692752331288448,55.9511348898376,32.2069927806555,15.237485,0.037043014,2009-03-19T05:12:51.935
216692992848334208,55.87577381347,32.16688719381,18.330172,0.21776973,2009-03-19T05:12:51.935
216693027209312896,55.89568744356,32.17648931402,17.907337,0.16315688,2009-03-19T05:12:51.935
216693057272562432,55.8612167109963,32.1837592515846,16.514774,0.071166863,2009-03-19T05:12:51.935
216693022912817664,55.8836590356216,32.1759157505718,17.491329,0.12505205,2009-03-19T05:12:51.935
216693091632303232,55.8838950219134,32.1872730947125,17.678156,0.14061575,2009-03-19T05:12:51.935
216693370806584192,55.8482009860699,32.2071867239143,14.835592,0.030489295,2009-03-19T05:12:51.935
216693267727371264,55.8525159697042,32.1859400105833,18.302158,0.21351854,2009-03-19T05:12:51.935
216693332150478464,55.848798174005,32.1950486300282,17.652331,0.13832573,2009-03-19T05:12:51.935
216693332150480640,55.8503958366048,32.1978896191338,16.013148,0.054621918,2009-03-19T05:12:51.935
216693366510242432,55.8577077060573,32.2160614325422,17.600771,0.13389128,2009-03-19T05:12:51.935
216693503949407104,55.90372205734,32.20994597547,18.170307,0.1948155,2009-03-19T05:12:51.935
216693469589663488,55.8970345935386,32.198930260963,18.9504,0.34399884,2009-03-19T05:12:51.935
216693435229928832,55.90894089261,32.20716557051,18.95302,0.3446917,2009-03-19T05:12:51.935
216693473884976128,55.89563607809,32.19741169246,19.277621,0.44441978,2009-03-19T05:12:51.935
216693572668675328,55.9326167044127,32.2170296464322,22.234951,5.8584273,2009-03-19T05:12:51.935
216693538308920832,55.9228984018426,32.2058917451536,16.434098,0.068138876,2009-03-19T05:12:51.935
216693538309148160,55.9264086057625,32.2132537061851,18.760252,0.29778104,2009-03-19T05:12:51.935
216693538308923904,55.915000994802,32.208025293214,19.144673,0.40003787,2009-03-19T05:12:51.935
216693538308919168,55.917529702186,32.2049099032388,16.882834,0.087247936,2009-03-19T05:12:51.935
216693576965007616,55.9323280149748,32.2278900936184,15.577027,0.043799945,2009-03-19T05:12:51.935
216693572668689408,55.9303411220638,32.2297325135422,16.459914,0.069090598,2009-03-19T05:12:51.935
216693680044227072,55.8776468912755,32.2184010465825,15.610977,0.044548302,2009-03-19T05:12:51.935
216693783121878400,55.87763714402,32.2234992391,17.812731,0.153344,2009-03-19T05:12:51.935
216693744468170112,55.86562495601,32.21599339509,17.562602,0.13072245,2009-03-19T05:12:51.935
216693714403964928,55.88852454886,32.21798771247,15.56291,0.043492947,2009-03-19T05:12:51.935
216693680042667008,55.8780984581369,32.2178196251933,15.65402,0.045517971,2009-03-19T05:12:51.935
216693744467371520,55.8720415312741,32.2198881118153,16.557626,0.072841302,2009-03-19T05:12:51.935
216693710107637248,55.8780599673713,32.2235105461944,17.813661,0.15343679,2009-03-19T05:12:51.935
216693817483279872,55.9006889341331,32.2257499875565,12.303333,0.009311439,2009-03-19T05:12:51.935
216693881906345984,55.8869486736146,32.2426915154547,17.482746,0.12439017,2009-03-19T05:12:51.935
216693813186862080,55.8942119262121,32.2351414727473,18.763219,0.29844412,2009-03-19T05:12:51.935
216693851841828864,55.90753877228,32.24269616837,20.013917,0.81548494,2009-03-19T05:12:51.935
216693851841828992,55.91322004883,32.24635685242,19.562777,0.5596411,2009-03-19T05:12:51.935
216694023640037632,55.9780312981204,32.2027897247097,18.571692,0.25899766,2009-03-19T05:12:51.935
216694023641607552,55.9718820759048,32.2004738835232,17.15772,0.10225231,2009-03-19T05:12:51.935
216694058001342336,55.9886802487661,32.2160072276287,14.351786,0.024208706,2009-03-19T05:12:51.935
216694019345478016,55.96670322807,32.20041543983,18.130217,0.18952963,2009-03-19T05:12:51.935
216693954922130432,55.9954374327329,32.1908800396535,12.292854,0.0092664199,2009-03-19T05:12:51.935
216693984986225408,55.9916877425447,32.1956833799611,17.478054,0.12403017,2009-03-19T05:12:51.935
216693984985522432,55.9950615310375,32.2069271900165,17.730639,0.14541711,2009-03-19T05:12:51.935
216694023640486400,55.9740346114251,32.2047177461473,19.825302,0.6956125,2009-03-19T05:12:51.935
216694023640485760,55.97617868658,32.19629107614,17.805145,0.15258932,2009-03-19T05:12:51.935
216694058000225024,55.99264248953,32.21093743692,19.173125,0.409095,2009-03-19T05:12:51.935
216694161078979072,55.9898495173585,32.2222908690233,20.301527,1.0431503,2009-03-19T05:12:51.935
216694122424704000,56.0222540252337,32.2197383637627,17.937865,0.16648857,2009-03-19T05:12:51.935
216694195440291328,55.9988008337292,32.2341480480258,13.428612,0.015696308,2009-03-19T05:12:51.935
216694195439104768,56.0108877888738,32.2375355882555,19.161655,0.40541575,2009-03-19T05:12:51.935
216694092360145920,56.01198338081,32.20769447873,17.963579,0.16936037,2009-03-19T05:12:51.935
216694126720813696,56.0176794676523,32.2304997389387,13.728077,0.018052374,2009-03-19T05:12:51.935
216694264159774080,55.9719520360027,32.2166708132795,15.750506,0.047780113,2009-03-19T05:12:51.935
216694229798468608,55.9555965188766,32.2093064532044,19.130934,0.39574669,2009-03-19T05:12:51.935
216694298519511168,55.9526143536101,32.2307505643403,14.98546,0.03277262,2009-03-19T05:12:51.935
216694298519513088,55.9463570652694,32.2225360079964,15.392826,0.03997821,2009-03-19T05:12:51.935
216694264158195072,55.979648792934,32.2240315132504,17.273524,0.1095278,2009-03-19T05:12:51.935
216694225503544320,55.9635094012756,32.2192234722986,12.143988,0.0086500342,2009-03-19T05:12:51.935
216694259863660544,55.9816898709901,32.2237010555829,19.810113,0.68682771,2009-03-19T05:12:51.935
216694264158551936,55.9784331592169,32.2279596211743,19.293612,0.45012482,2009-03-19T05:12:51.935
216694431662158080,55.9730373241367,32.2382764339356,17.341456,0.1140973,2009-03-19T05:12:51.935
216694362942684288,55.9922804018767,32.2324351566198,15.715407,0.046942699,2009-03-19T05:12:51.935
216694466021913984,55.9815494591577,32.2585665519329,18.184906,0.19678517,2009-03-19T05:12:51.935
216694401598720768,55.996185655178,32.2392538465378,13.221252,0.014251549,2009-03-19T05:12:51.935
216694367237872256,55.9838847153061,32.2341955413217,19.780694,0.67015544,2009-03-19T05:12:51.935
216694397302628992,55.9923199303775,32.2423426147343,15.394526,0.040011719,2009-03-19T05:12:51.935
216694401597125888,55.9897755723227,32.2469138586928,16.064174,0.056079572,2009-03-19T05:12:51.935
216694367237872384,55.986927294053,32.237562951901,19.625144,0.58906415,2009-03-19T05:12:51.935
216694362942889600,55.9870781512913,32.2411257449987,18.37097,0.22414581,2009-03-19T05:12:51.935
216694435957350656,55.9696951888596,32.2448682618581,20.735118,1.5227144,2009-03-19T05:12:51.935
216694470317089664,55.9860764549561,32.2544914533811,18.238462,0.20422215,2009-03-19T05:12:51.935
216694539037785472,56.0391291687243,32.2386289153737,18.300086,0.21320818,2009-03-19T05:12:51.935
216694607756041344,56.0255059120564,32.2517363217885,17.694644,0.14210259,2009-03-19T05:12:51.935
216694603461518208,56.0249798163433,32.2589373786521,15.273631,0.037704056,2009-03-19T05:12:51.935
216694603461535744,56.0345454546479,32.2605575413955,17.470949,0.12348744,2009-03-19T05:12:51.935
216694504676824448,56.0347015131,32.23255963599,19.374771,0.48038496,2009-03-19T05:12:51.935
216694710836359296,56.036903607716,32.2695982630495,12.795006,0.011692193,2009-03-19T05:12:51.935
216694637821273984,56.0565457888463,32.2567338886412,15.891634,0.051324738,2009-03-19T05:12:51.935
216694740900490240,56.047700686699,32.2720306414403,17.584368,0.13251792,2009-03-19T05:12:51.935
216694672181012864,56.056725236815,32.2650746677059,13.72146,0.017996568,2009-03-19T05:12:51.935
216694740900490112,56.0554189614801,32.2720819463737,18.040707,0.17834911,2009-03-19T05:12:51.935
216694706540751360,56.0471645099756,32.2662648763422,17.922504,0.16480175,2009-03-19T05:12:51.935
216694779554625408,56.0145167103655,32.2564441066855,19.545518,0.55178867,2009-03-19T05:12:51.935
216694848275314688,55.9980791224709,32.2653156137599,14.077811,0.021271848,2009-03-19T05:12:51.935
216694809619624704,56.0178864504856,32.2638591073212,15.972639,0.053496113,2009-03-19T05:12:51.935
216694775259560064,56.004338093164,32.2590432419555,18.951852,0.34438278,2009-03-19T05:12:51.935
216694848273714688,55.998894844424,32.2664146749066,15.433865,0.040796184,2009-03-19T05:12:51.935
216694779555970048,56.00218528693,32.2557968573,18.432415,0.23418016,2009-03-19T05:12:51.935
216694882635051392,56.0150880306976,32.2773837081677,16.157703,0.058871618,2009-03-19T05:12:51.935
216694951354525952,56.0405719856031,32.2869523969788,14.773622,0.029595804,2009-03-19T05:12:51.935
216695020072905088,56.03017306389,32.29836527152,20.230022,0.98082712,2009-03-19T05:12:51.935
216694981418681088,56.0273585807918,32.2889825844251,18.407625,0.23006792,2009-03-19T05:12:51.935
216695020073204224,56.02795542779,32.29253472894,19.406598,0.49287072,2009-03-19T05:12:51.935
216694981418751872,56.0125282617,32.28898126779,18.101806,0.18588989,2009-03-19T05:12:51.935
216694985712662400,56.0099702707927,32.2889008688777,17.843519,0.15645502,2009-03-19T05:12:51.935
216694916993688960,56.0349367043778,32.2819448688741,18.543891,0.25380129,2009-03-19T05:12:51.935
216694985713166592,56.0199709880231,32.2936247501355,19.335537,0.46547947,2009-03-19T05:12:51.935
216695050137446272,55.9401468523414,32.2372670458831,18.088024,0.18415523,2009-03-19T05:12:51.935
216695123152009216,55.9365747294,32.24184708972,15.676942,0.046044141,2009-03-19T05:12:51.935
216695088793615232,55.9588041007821,32.2407039300555,18.988887,0.35434172,2009-03-19T05:12:51.935
216695118856938112,55.9291580802922,32.2514869697918,16.708143,0.079115239,2009-03-19T05:12:51.935
216695157512966912,55.9450505524846,32.2524154539122,14.001078,0.020517819,2009-03-19T05:12:51.935
216695123153231232,55.9372702482107,32.2420080642598,15.648472,0.04539167,2009-03-19T05:12:51.935
216695123153230080,55.930663614543,32.2498122041689,16.479715,0.06983148,2009-03-19T05:12:51.935
216695118856933888,55.9310111666292,32.2467704578784,18.148021,0.19185514,2009-03-19T05:12:51.935
216695054432928896,55.94311564249,32.22788067346,20.508359,1.2482449,2009-03-19T05:12:51.935
216695084499988352,55.9494641301935,32.2454256724106,20.042035,0.83519282,2009-03-19T05:12:51.935
216695153216876800,55.9465548169919,32.2493804818763,18.022007,0.1761167,2009-03-19T05:12:51.935
216695187576416512,55.9622429235605,32.2537212242342,18.33553,0.21859444,2009-03-19T05:12:51.935
216695260592178560,55.9556086002844,32.2667006289111,16.571439,0.073391212,2009-03-19T05:12:51.935
216695260592178048,55.9550653591647,32.2699891997834,18.404946,0.2296287,2009-03-19T05:12:51.935
216695226232439552,55.9650244239743,32.2657153683088,14.829522,0.030400504,2009-03-19T05:12:51.935
216695256295900672,55.9533959067315,32.2643063047039,13.654764,0.017443893,2009-03-19T05:12:51.935
216695256296547328,55.9560618738835,32.2616950967583,18.354868,0.22160272,2009-03-19T05:12:51.935
216695226231623168,55.9839523684,32.26792057395,19.018269,0.36248023,2009-03-19T05:12:51.935
216695187576417152,55.955754065821,32.2548279620389,18.554311,0.25573423,2009-03-19T05:12:51.935
216695363671522432,55.9329785323559,32.2630170400258,19.648539,0.60053902,2009-03-19T05:12:51.935
216695325015371136,55.912228500498,32.256136311548,15.688008,0.046300615,2009-03-19T05:12:51.935
216695329311661056,55.9229615559637,32.250002816585,14.543399,0.026513935,2009-03-19T05:12:51.935
216695325015366144,55.9196499339922,32.2498098404696,17.196691,0.10463145,2009-03-19T05:12:51.935
216695428094600832,55.9236986413334,32.2711102409095,16.551033,0.072580609,2009-03-19T05:12:51.935
216695428094608000,55.9305756288204,32.2775543301426,16.658962,0.076995292,2009-03-19T05:12:51.935
216695393740304896,55.9117331847471,32.2651453557793,17.283899,0.11021073,2009-03-19T05:12:51.935
216695325015373312,55.9238271679841,32.2594532172427,17.987887,0.17213166,2009-03-19T05:12:51.935
216695432389765760,55.92004998683,32.28284792038,20.151844,0.91720284,2009-03-19T05:12:51.935
216695569829819520,55.9495431492601,32.299102969457,13.787586,0.018562349,2009-03-19T05:12:51.935
216695466750607232,55.9421652540539,32.2784123683453,19.212577,0.42204272,2009-03-19T05:12:51.935
216695535470082176,55.9295889193447,32.2965466724374,16.720473,0.079657844,2009-03-19T05:12:51.935
216695496814282752,55.9508067981016,32.2907120036528,18.70507,0.2857595,2009-03-19T05:12:51.935
216695501109530240,55.95363514355,32.28123269113,19.052718,0.37229826,2009-03-19T05:12:51.935
216695462454352000,55.9453059123624,32.282051381038,17.440348,0.12118383,2009-03-19T05:12:51.935
216695496814101248,55.9493278731345,32.2898946113544,20.051882,0.84221505,2009-03-19T05:12:51.935
216695496814104320,55.9547940913713,32.2935668138572,17.963071,0.16930306,2009-03-19T05:12:51.935
216695634253464576,55.99401157587,32.29095623248,12.678374,0.011076877,2009-03-19T05:12:51.935
216695702975387776,55.9861700350536,32.2970838847689,16.899816,0.088092298,2009-03-19T05:12:51.935
216695702972541312,55.992152912012,32.300884965915,19.376385,0.48100934,2009-03-19T05:12:51.935
216695810347984768,55.9941843115139,32.3108883274144,14.154538,0.022054703,2009-03-19T05:12:51.935
216695775988245632,56.0178945074314,32.3072612812399,15.86966,0.050753433,2009-03-19T05:12:51.935
216695844707719424,56.0090682614962,32.3277748529911,13.799155,0.018663203,2009-03-19T05:12:51.935
216695737332455808,56.0100060120024,32.2968668448179,17.939447,0.16666354,2009-03-19T05:12:51.935
216695810346917632,55.99955719505,32.31515556553,19.87283,0.72390035,2009-03-19T05:12:51.935
216695947786940288,55.9496932297942,32.312825042174,14.865094,0.03092482,2009-03-19T05:12:51.935
216695982146677248,55.9629411346628,32.3205262345717,17.683705,0.14111394,2009-03-19T05:12:51.935
216695982146677376,55.9570893752099,32.32086973224,19.451395,0.51106563,2009-03-19T05:12:51.935
216695947787057792,55.9444149429312,32.3115703685074,15.617677,0.044697686,2009-03-19T05:12:51.935
216695702972548224,55.9852392557858,32.3093248757155,18.863463,0.32189931,2009-03-19T05:12:51.935
216695947786026240,55.9559498300877,32.3084096423032,19.007106,0.35936306,2009-03-19T05:12:51.935
216695982145765120,55.95843503452,32.31641978198,19.364155,0.47629937,2009-03-19T05:12:51.935
216695943490711040,55.9552531552774,32.3031469087933,18.428541,0.23353171,2009-03-19T05:12:51.935
216695874771238400,55.962957340367,32.3082345873453,19.090568,0.38344037,2009-03-19T05:12:51.935
216695943490723456,55.9543382337521,32.3183585065786,19.460238,0.51474527,2009-03-19T05:12:51.935
216696085225889792,55.98258868467,32.32885824165,13.621042,0.017171139,2009-03-19T05:12:51.935
216696085225890432,55.9706067916206,32.3310979752422,18.222954,0.20203396,2009-03-19T05:12:51.935
216696016506413952,55.9828452589532,32.3239964208614,16.595663,0.074367772,2009-03-19T05:12:51.935
216696012210203904,55.9888839103034,32.3244237842633,18.734398,0.2920759,2009-03-19T05:12:51.935
216696733764627968,55.8651558441706,32.2393755944333,17.378684,0.11670263,2009-03-19T05:12:51.935
216696772418877952,55.8499381842007,32.2450622511721,17.083567,0.097908418,2009-03-19T05:12:51.935
216696703701118208,55.8489646406965,32.2284408810122,17.22419,0.10635187,2009-03-19T05:12:51.935
216696806780332928,55.8556424390074,32.2474070743154,13.844814,0.019066811,2009-03-19T05:12:51.935
216696802484884736,55.8565112973502,32.2486448058024,16.520397,0.071383909,2009-03-19T05:12:51.935
216696703699974528,55.861482642672,32.2360862664478,18.450854,0.23729657,2009-03-19T05:12:51.935
216696905563536512,55.8672932944268,32.2571667027027,17.775003,0.14963586,2009-03-19T05:12:51.935
216696939923094528,55.8761548219986,32.2771433251506,19.938331,0.7649532,2009-03-19T05:12:51.935
216696871206248192,55.8833713375627,32.2633328657102,18.612,0.2667587,2009-03-19T05:12:51.935
216697150376571392,55.8672362696956,32.2795540783511,19.525827,0.54297945,2009-03-19T05:12:51.935
216698352967047936,55.8948300412218,32.2825935195608,19.821057,0.69314486,2009-03-19T05:12:51.935
216698352968633472,55.9020658846979,32.2809421530432,16.075746,0.056416465,2009-03-19T05:12:51.935
216698421688034816,55.8878256305292,32.2937201929722,18.239899,0.20442646,2009-03-19T05:12:51.935
216698352968634752,55.88914618968,32.27867733557,16.763333,0.081579874,2009-03-19T05:12:51.935
216698348672556160,55.8923741841864,32.2735554491636,16.641951,0.076278214,2009-03-19T05:12:51.935
216698524767318656,55.9350735074506,32.3127955085043,16.604023,0.074708487,2009-03-19T05:12:51.935
216698490407581184,55.9219788648661,32.30437346475,17.50897,0.1264265,2009-03-19T05:12:51.935
216698589190748800,55.9196675948514,32.3118230166227,18.821149,0.31174444,2009-03-19T05:12:51.935
216698520471094784,55.9243034922373,32.3105382525842,16.828467,0.084611057,2009-03-19T05:12:51.935
216698559125457024,55.9082229205013,32.3127679521964,16.709734,0.079184992,2009-03-19T05:12:51.935
216698490407581568,55.922725457878,32.3001116467294,17.028548,0.094833024,2009-03-19T05:12:51.935
216698490406481792,55.92131206464,32.30379527199,17.689179,0.14160757,2009-03-19T05:12:51.935
216698657910049664,55.8933964058342,32.3122710775192,15.759639,0.048000798,2009-03-19T05:12:51.935
216698657910039168,55.8863609123812,32.3005171249098,19.352564,0.47188307,2009-03-19T05:12:51.935
216698760989978496,55.8971142483152,32.3159541377075,17.959641,0.16891661,2009-03-19T05:12:51.935
216698760989269120,55.9015537916949,32.3184309751364,14.666404,0.028115514,2009-03-19T05:12:51.935
216698937084176768,55.9480656069813,32.328825777,14.203449,0.022569399,2009-03-19T05:12:51.935
216698902723526912,55.94537988751,32.32271045187,19.341292,0.46763288,2009-03-19T05:12:51.935
216698898428228864,55.9446734561381,32.3286182481221,16.757748,0.081326219,2009-03-19T05:12:51.935
216700655069519104,56.2406912590912,32.1228591309663,19.113197,0.39028429,2009-03-19T05:12:51.935
216700655071105536,56.2490901353546,32.1132453587917,13.901719,0.019582491,2009-03-19T05:12:51.935
216700620711366400,56.242305079314,32.1195403411744,17.178239,0.10349646,2009-03-19T05:12:51.935
216700586351627264,56.26187625439,32.11682016293,13.855089,0.019158879,2009-03-19T05:12:51.935
216700582055463936,56.2611024408221,32.1093762710426,17.405427,0.11862017,2009-03-19T05:12:51.935
216700582055460864,56.2629649584431,32.1047093625718,17.114007,0.099663271,2009-03-19T05:12:51.935
216700620711367296,56.2400791076948,32.1171091283478,15.32616,0.038688081,2009-03-19T05:12:51.935
216700723789737728,56.27825049886,32.13220290638,18.853195,0.31940001,2009-03-19T05:12:51.935
216700753854167808,56.2673426200627,32.1294543712451,18.390789,0.22732464,2009-03-19T05:12:51.935
216700788213665536,56.2746238062151,32.14061030434,17.93682,0.16637315,2009-03-19T05:12:51.935
216700685134684160,56.276828328911,32.1192872183282,16.966818,0.091523845,2009-03-19T05:12:51.935
216700792509116032,56.2778363673002,32.1428137146717,18.568737,0.25843928,2009-03-19T05:12:51.935
216700758149287808,56.2671558203,32.13702620004,18.830367,0.3139243,2009-03-19T05:12:51.935
216700685134688512,56.2705301199621,32.1258055533108,18.096921,0.1852727,2009-03-19T05:12:51.935
216700689429247360,56.2635028214131,32.1206200211857,19.677826,0.61525237,2009-03-19T05:12:51.935
216700758148718848,56.2536232374461,32.1357573483307,18.149725,0.19207955,2009-03-19T05:12:51.935
216700822573390336,56.2329755302482,32.1240820093048,14.908284,0.031574556,2009-03-19T05:12:51.935
216700925652622336,56.2326519108014,32.1455886776233,17.104205,0.099093928,2009-03-19T05:12:51.935
216700856933382016,56.2404818567234,32.1282470059161,15.232294,0.036949141,2009-03-19T05:12:51.935
216700891293120256,56.2186541967578,32.128075187549,17.837446,0.15583522,2009-03-19T05:12:51.935
216700925652625664,56.2233277525954,32.1496148790788,16.480211,0.069850134,2009-03-19T05:12:51.935
216701033028221440,56.2339087223573,32.1542299106836,12.048044,0.0082748361,2009-03-19T05:12:51.935
216701033028221312,56.2317151626531,32.1555182450608,13.124789,0.013626426,2009-03-19T05:12:51.935
216700964307809024,56.245829201988,32.1502110940611,19.033253,0.36671371,2009-03-19T05:12:51.935
216701063092439936,56.24620324843,32.16968716328,17.212651,0.10562569,2009-03-19T05:12:51.935
216700964308745472,56.2526082386082,32.1386185552822,15.60369,0.044386459,2009-03-19T05:12:51.935
216701101747696128,56.2962761947155,32.1477615756177,16.184592,0.059704387,2009-03-19T05:12:51.935
216701166170797952,56.2811952430333,32.152531209819,16.072956,0.056335014,2009-03-19T05:12:51.935
216701131811300992,56.306109919515,32.1565408087472,20.828298,1.6531658,2009-03-19T05:12:51.935
216701131811299840,56.3005124376426,32.1536574757942,15.206369,0.036484196,2009-03-19T05:12:51.935
216701204826250240,56.29215599501,32.16253699954,18.919948,0.33606293,2009-03-19T05:12:51.935
216701166170801664,56.2779687708356,32.158536746656,15.027416,0.033444553,2009-03-19T05:12:51.935
216701131811066496,56.30275494305,32.16312691262,17.041409,0.095541041,2009-03-19T05:12:51.935
216701170465571968,56.2812120307919,32.14870165954,19.548197,0.55299956,2009-03-19T05:12:51.935
216701307905194240,56.30031980805,32.17840137582,19.068697,0.37695623,2009-03-19T05:12:51.935
216701239185716608,56.31762046852,32.17172302993,18.494691,0.24490755,2009-03-19T05:12:51.935
216701234890281088,56.3189642937645,32.1617427754061,16.546361,0.072396535,2009-03-19T05:12:51.935
216701269250263040,56.32290624078,32.1762621911673,17.316571,0.11239626,2009-03-19T05:12:51.935
216701337969745280,56.3140947548852,32.1871746991987,18.656078,0.27556446,2009-03-19T05:12:51.935
216701337969517824,56.3085331565385,32.1889033956877,18.387241,0.22675151,2009-03-19T05:12:51.935
216701342264247424,56.311881898057,32.185903046778,19.506161,0.53433681,2009-03-19T05:12:51.935
216701307906123136,56.3005431657073,32.1748162639774,14.339849,0.024072279,2009-03-19T05:12:51.935
216701376625602304,56.2717442745086,32.1651364669113,14.245566,0.02302266,2009-03-19T05:12:51.935
216701475408472448,56.262685508835,32.1904116791203,17.438825,0.12107061,2009-03-19T05:12:51.935
216701406688870400,56.2817703675773,32.1744203229744,12.083323,0.0084108565,2009-03-19T05:12:51.935
216701445345078144,56.25631250436,32.1809223460743,13.361747,0.01521477,2009-03-19T05:12:51.935
216701514063624704,56.29847653466,32.18427392071,19.417116,0.49707679,2009-03-19T05:12:51.935
216701544127953536,56.3002608403009,32.1947579155988,15.14968,0.035489759,2009-03-19T05:12:51.935
216701509768208896,56.3031175715639,32.1878648017699,17.272194,0.10944067,2009-03-19T05:12:51.935
216701612847669760,56.2895026592122,32.217514380892,16.906387,0.088421711,2009-03-19T05:12:51.935
216701612847669632,56.2923007265633,32.2178814523198,18.695492,0.28373173,2009-03-19T05:12:51.935
216701548424287744,56.3010210103897,32.2000824398327,16.169068,0.059221893,2009-03-19T05:12:51.935
216701548424287872,56.3082428076794,32.1956993953588,16.629633,0.075764042,2009-03-19T05:12:51.935
216701651503514752,56.2066276232972,32.1533281472168,14.782284,0.029718981,2009-03-19T05:12:51.935
216701681566880512,56.2158862411358,32.163967453413,17.361085,0.11546188,2009-03-19T05:12:51.935
216701754581126016,56.206119573487,32.1723614867132,17.632523,0.1366008,2009-03-19T05:12:51.935
216701720221400064,56.1940802787271,32.1504842186039,15.862708,0.050574208,2009-03-19T05:12:51.935
216701823302200832,56.2480257658644,32.1776102094074,14.895716,0.031383975,2009-03-19T05:12:51.935
216701823300599424,56.2347496058696,32.1766535608511,17.772214,0.14936617,2009-03-19T05:12:51.935
216701788941442560,56.22927201341,32.16846945649,18.241211,0.20461311,2009-03-19T05:12:51.935
216701788941442816,56.21909598369,32.16901607056,20.542649,1.2861699,2009-03-19T05:12:51.935
216701819005842048,56.2347067356378,32.1754308757222,17.503444,0.12599393,2009-03-19T05:12:51.935
216701857660920064,56.21969246204,32.17145717888,18.246392,0.20535227,2009-03-19T05:12:51.935
216701788942464768,56.2306192540256,32.1595834114002,14.580611,0.026987956,2009-03-19T05:12:51.935
216701995100897024,56.172041080372,32.1736672078145,13.797467,0.018648459,2009-03-19T05:12:51.935
216701926381419264,56.1823473454975,32.1751052653275,13.036349,0.013077842,2009-03-19T05:12:51.935
216702029460632832,56.1867986044682,32.1848768033288,14.212042,0.022661115,2009-03-19T05:12:51.935
216701926381421568,56.1773532273884,32.1673153790044,13.723769,0.018016026,2009-03-19T05:12:51.935
216701922085898112,56.1793202814087,32.1708754332538,14.462887,0.025518276,2009-03-19T05:12:51.935
216702025165001856,56.1901519416643,32.1862927435521,16.297659,0.063362468,2009-03-19T05:12:51.935
216701956445523456,56.1983578667377,32.18209635576,13.925824,0.019805268,2009-03-19T05:12:51.935
216701990805261184,56.1820836969461,32.1799770141876,15.881334,0.051056021,2009-03-19T05:12:51.935
216701922085781760,56.1851878814771,32.1682222124481,16.592018,0.074219836,2009-03-19T05:12:51.935
216701995100898560,56.1714959857044,32.1694683560172,13.777657,0.018476237,2009-03-19T05:12:51.935
216701990805305856,56.1731850986315,32.1775920058302,16.489269,0.070192356,2009-03-19T05:12:51.935
216701960739556096,56.1884033862233,32.1821389828162,15.286176,0.037936523,2009-03-19T05:12:51.935
216702029459031552,56.1929633280507,32.1879396484592,14.117382,0.021671906,2009-03-19T05:12:51.935
216701926379825536,56.17738954826,32.16750608768,13.723859,0.018016786,2009-03-19T05:12:51.935
216702132538639872,56.19163714085,32.20146566382,15.410217,0.04032258,2009-03-19T05:12:51.935
216702059524022912,56.2084110479106,32.1882702523938,16.138602,0.058288349,2009-03-19T05:12:51.935
216702098179091200,56.21808554401,32.19086158545,19.464164,0.51638851,2009-03-19T05:12:51.935
216702166898378112,56.2060462077256,32.2049211279921,17.249291,0.10795323,2009-03-19T05:12:51.935
216702304338532864,56.2516722042875,32.2133648235732,15.90857,0.051770134,2009-03-19T05:12:51.935
216702304338533120,56.2561815460641,32.2080032727994,14.541433,0.026489137,2009-03-19T05:12:51.935
216702304337612928,56.2503253955255,32.2172766340733,18.423005,0.23260879,2009-03-19T05:12:51.935
216702201258146944,56.2462417617216,32.1840001874361,18.675029,0.27945622,2009-03-19T05:12:51.935
216702300042430208,56.2541789784739,32.2061734142536,15.364708,0.039428317,2009-03-19T05:12:51.935
216702269978796800,56.2399012578004,32.2066901644908,13.480357,0.016079639,2009-03-19T05:12:51.935
216702441777615616,56.2787044285246,32.231302122892,18.653558,0.27505191,2009-03-19T05:12:51.935
216702338697442560,56.2752279395,32.20458921233,18.978132,0.35141565,2009-03-19T05:12:51.935
216702373057485056,56.28462239782,32.22678298427,19.174653,0.4095878,2009-03-19T05:12:51.935
216702338696659968,56.2721659564367,32.2045024445015,16.23958,0.061451196,2009-03-19T05:12:51.935
216702403121654912,56.2566190980756,32.2213201283376,15.387058,0.039864712,2009-03-19T05:12:51.935
216702403121655040,56.2554460180018,32.2203328926046,17.022709,0.094513724,2009-03-19T05:12:51.935
216702437485638784,56.2790459999105,32.2343415621389,17.619734,0.1355013,2009-03-19T05:12:51.935
216702437481200512,56.2736528385666,32.2380304766217,16.631582,0.075845118,2009-03-19T05:12:51.935
216702334401958144,56.2786283087856,32.2118421788755,16.265013,0.062279575,2009-03-19T05:12:51.935
216702407417746048,56.2608319237577,32.2253469986718,17.827521,0.1548288,2009-03-19T05:12:51.935
216702476137228288,56.2288913648746,32.2030654714166,11.577677,0.006659184,2009-03-19T05:12:51.935
216702476136395648,56.23134635216,32.21871416281,18.385566,0.22648167,2009-03-19T05:12:51.935
216702574920354688,56.2334082722329,32.2309465448641,16.543973,0.072302676,2009-03-19T05:12:51.935
216702476137228032,56.2297688100257,32.2036904019294,11.638498,0.0068487854,2009-03-19T05:12:51.935
216702506200877696,56.23775889278,32.230087980584,16.416283,0.067491308,2009-03-19T05:12:51.935
216702613576176896,56.2493187109388,32.225534449855,14.504855,0.026032241,2009-03-19T05:12:51.935
216702613576177024,56.2505077795024,32.2234712750355,16.528875,0.071712672,2009-03-19T05:12:51.935
216702647934913280,56.25867962731,32.24866281724,19.391114,0.4867512,2009-03-19T05:12:51.935
216702609279895168,56.2481707488332,32.2401643882175,15.913992,0.051913679,2009-03-19T05:12:51.935
216702613574561536,56.2461225434946,32.2395965932911,19.808441,0.68586792,2009-03-19T05:12:51.935
216702647935913344,56.2572683765804,32.2410131863821,12.468955,0.010053056,2009-03-19T05:12:51.935
216702819734605696,56.3242396094561,32.2016172203141,14.617712,0.027469537,2009-03-19T05:12:51.935
216703025893036416,56.3152847664941,32.2025301730115,15.483454,0.04180965,2009-03-19T05:12:51.935
216703025893035648,56.3135729002931,32.2083947351733,17.521391,0.12740552,2009-03-19T05:12:51.935
216703128972248576,56.322367288939,32.2330601389849,14.838324,0.030529355,2009-03-19T05:12:51.935
216703128971334272,56.31431018529,32.23767437862,18.710886,0.2869993,2009-03-19T05:12:51.935
216703094611507712,56.31181581963,32.22447053263,18.967596,0.34857638,2009-03-19T05:12:51.935
216703025891421824,56.3158520267746,32.2104499315385,17.680781,0.14085117,2009-03-19T05:12:51.935
216703025891419776,56.3227117836135,32.2138940970961,18.862783,0.32173307,2009-03-19T05:12:51.935
216703021596936704,56.3191258831179,32.2057762351356,16.267395,0.062357838,2009-03-19T05:12:51.935
216703090316222592,56.3066301820113,32.2301548778637,17.672297,0.14009208,2009-03-19T05:12:51.935
216703232051463040,56.3256826303585,32.2396102088801,16.517364,0.071266731,2009-03-19T05:12:51.935
216703232049844992,56.3255177067204,32.2345795354627,18.211973,0.20050167,2009-03-19T05:12:51.935
216703949309903104,56.2889377951357,32.2554272274542,17.43927,0.12110362,2009-03-19T05:12:51.935
216703850526888832,56.3009724058945,32.2313192571809,18.387358,0.2267705,2009-03-19T05:12:51.935
216703850525140992,56.2901978307452,32.2267896305279,15.105962,0.034743183,2009-03-19T05:12:51.935
216703850526755840,56.2901471786043,32.2272383101879,15.346894,0.039084302,2009-03-19T05:12:51.935
216703850526755968,56.2911349566465,32.2263946694076,15.569123,0.043627762,2009-03-19T05:12:51.935
216704091044919296,56.3095331859592,32.2752079220109,15.887567,0.051218445,2009-03-19T05:12:51.935
216704052388921216,56.30504865955,32.2576555339,15.878326,0.050977849,2009-03-19T05:12:51.935
216704056683558528,56.3097625531169,32.2646669997008,15.472622,0.041585896,2009-03-19T05:12:51.935
216704189828071936,56.261149796538,32.2566744983511,18.285457,0.21103216,2009-03-19T05:12:51.935
216704125404661760,56.2693761366358,32.2504465920253,14.101302,0.021508404,2009-03-19T05:12:51.935
216704125403045120,56.2693511485743,32.250248256099,14.102461,0.021520141,2009-03-19T05:12:51.935
216704228482965248,56.27151503439,32.27466374468,19.113249,0.39030036,2009-03-19T05:12:51.935
216704159764397952,56.2901797731717,32.267595009224,13.285026,0.014680813,2009-03-19T05:12:51.935
216704228483874560,56.269475983792,32.2774455472439,14.888023,0.031267938,2009-03-19T05:12:51.935
216704258547563904,56.2956525395912,32.283335520408,16.845828,0.085442295,2009-03-19T05:12:51.935
216704262842620800,56.2965131468751,32.2769935896951,18.798643,0.30649612,2009-03-19T05:12:51.935
216704365922824576,56.2980695787303,32.2932903118874,13.88439,0.019423946,2009-03-19T05:12:51.935
216705053117726464,56.159901771164,32.2165887930984,14.101008,0.02150543,2009-03-19T05:12:51.935
216704950038394240,56.1671285360861,32.1928268367888,12.978031,0.012728437,2009-03-19T05:12:51.935
216705048821756544,56.1557734411751,32.2067181624752,13.515525,0.016345639,2009-03-19T05:12:51.935
216704945742764928,56.1583287510321,32.1936170972954,14.17959,0.022316783,2009-03-19T05:12:51.935
216705053117608960,56.1573999431512,32.2050360302356,14.328257,0.023940568,2009-03-19T05:12:51.935
216704984398132096,56.1738602025216,32.2006205555606,13.639774,0.017322104,2009-03-19T05:12:51.935
216705156196822016,56.1726461856667,32.2193358029714,14.852196,0.030733591,2009-03-19T05:12:51.935
216705190556558592,56.1872923562734,32.2270320145141,13.623249,0.017188856,2009-03-19T05:12:51.935
216705121837081600,56.2033946983496,32.2227207199152,14.411552,0.024904128,2009-03-19T05:12:51.935
216705151900720768,56.1699164208077,32.2185346132237,14.753431,0.029310783,2009-03-19T05:12:51.935
216705190554952832,56.1873270205717,32.22675792119,13.622694,0.017184396,2009-03-19T05:12:51.935
216705186260474112,56.1878929169652,32.2369924212455,13.744248,0.018189513,2009-03-19T05:12:51.935
216705220620786944,56.1383886323,32.21592959097,14.891348,0.031318042,2009-03-19T05:12:51.935
216705327994306560,56.1326348212295,32.2335323693272,17.916035,0.1640977,2009-03-19T05:12:51.935
216705224914700288,56.1326799094864,32.2122645006871,14.906477,0.031547083,2009-03-19T05:12:51.935
216705461138192128,56.1608042514048,32.2567463643905,17.791057,0.15119997,2009-03-19T05:12:51.935
216705396714988032,56.1671876432768,32.2410904987876,13.602239,0.017020957,2009-03-19T05:12:51.935
216705358059741696,56.16737066963,32.23740867899,17.605002,0.13424846,2009-03-19T05:12:51.935
216705426779217664,56.15366315016,32.24340099829,15.707405,0.04675414,2009-03-19T05:12:51.935
216705461138956160,56.16180867317,32.24655315807,17.060148,0.09658445,2009-03-19T05:12:51.935
216705431073119744,56.1495189359828,32.2511611509861,13.370514,0.015277039,2009-03-19T05:12:51.935
216705426778650624,56.1495424349375,32.2506469207986,13.375276,0.015310963,2009-03-19T05:12:51.935
216705602873413632,56.2020626700984,32.257753561931,13.20392,0.014137114,2009-03-19T05:12:51.935
216705529857665536,56.2133516817785,32.2512098395112,15.013964,0.033227505,2009-03-19T05:12:51.935
216705632936879872,56.2303444306558,32.2505597973252,15.953716,0.052979488,2009-03-19T05:12:51.935
216705701657125888,56.20805381228,32.26736264411,17.873064,0.15951437,2009-03-19T05:12:51.935
216705705952627456,56.2123038136161,32.2692957757517,13.533013,0.016479581,2009-03-19T05:12:51.935
216705843391582976,56.166031845832,32.2661073158615,14.544501,0.02652784,2009-03-19T05:12:51.935
216705839095515904,56.1777277820553,32.2615840345599,16.132989,0.058118244,2009-03-19T05:12:51.935
216705770376527616,56.17641817387,32.25362016383,16.737846,0.080430192,2009-03-19T05:12:51.935
216705839095932288,56.1792487601551,32.266566173394,14.647135,0.027857968,2009-03-19T05:12:51.935
216705912111057024,56.2065574527632,32.2792999233213,13.131973,0.013672008,2009-03-19T05:12:51.935
216705907815000064,56.2161768417611,32.2764787749544,16.361561,0.065547847,2009-03-19T05:12:51.935
216705980830689792,56.19831083058,32.28728771028,17.147866,0.10166139,2009-03-19T05:12:51.935
216706015188650880,56.2054124727749,32.2963745035155,17.472726,0.12362294,2009-03-19T05:12:51.935
216705912110146432,56.21212295885,32.27480308529,20.022971,0.82177549,2009-03-19T05:12:51.935
216705946469885184,56.22467791211,32.29016573262,17.105777,0.099184984,2009-03-19T05:12:51.935
216705946469175168,56.2110145128767,32.2886181297035,16.197905,0.060121843,2009-03-19T05:12:51.935
216706083908548736,56.1266580082512,32.2494681424774,17.067821,0.097015763,2009-03-19T05:12:51.935
216706049550020864,56.1153263104995,32.2320082883755,15.899278,0.051525233,2009-03-19T05:12:51.935
216706049550020224,56.1135236899343,32.2391580266253,13.558848,0.016679524,2009-03-19T05:12:51.935
216706113973832192,56.1058506953362,32.2350374487311,18.289854,0.21168334,2009-03-19T05:12:51.935
216706049548418560,56.1139083519107,32.2337246399644,19.934713,0.76262126,2009-03-19T05:12:51.935
216706083908754688,56.1299638279286,32.2464045686719,15.727463,0.047228442,2009-03-19T05:12:51.935
216706221348706432,56.1495249094935,32.264825647785,14.368117,0.024396675,2009-03-19T05:12:51.935
216706221348706688,56.1445884371166,32.2651087058605,14.168203,0.022197257,2009-03-19T05:12:51.935
216706186988969856,56.13843626342,32.25803910987,13.805367,0.018717592,2009-03-19T05:12:51.935
216706217053055104,56.1428836868417,32.268564518556,18.924814,0.33731654,2009-03-19T05:12:51.935
216706255706838016,56.1326516624583,32.2628904688593,14.90858,0.031579056,2009-03-19T05:12:51.935
216706221347094912,56.14454122825,32.26665993302,13.551959,0.016625968,2009-03-19T05:12:51.935
216706186987365120,56.1377316590281,32.2499473775294,15.110453,0.034819064,2009-03-19T05:12:51.935
216706290068182016,56.1421962052076,32.2766035211539,14.543779,0.026518724,2009-03-19T05:12:51.935
216706186988968832,56.145754132761,32.258645722526,14.144365,0.021949203,2009-03-19T05:12:51.935
216706358787661312,56.1081071384351,32.2751733791479,13.908841,0.019648044,2009-03-19T05:12:51.935
216706324427926912,56.0898206195534,32.2527169628892,14.356575,0.024263668,2009-03-19T05:12:51.935
216706358787662208,56.1171856290257,32.2667375123424,13.47693,0.016053962,2009-03-19T05:12:51.935
216706388851890944,56.08361977854,32.27088093074,17.355353,0.11506129,2009-03-19T05:12:51.935
216706388851796096,56.0853479198617,32.2623749327477,17.889128,0.16120902,2009-03-19T05:12:51.935
216706354492057856,56.1070870290609,32.2636832708764,15.408195,0.040282371,2009-03-19T05:12:51.935
216706526290772864,56.107983862576,32.2929245634123,17.189505,0.10418758,2009-03-19T05:12:51.935
216706526290844800,56.1121784560529,32.286546472214,17.536101,0.12857725,2009-03-19T05:12:51.935
216706530584738176,56.1155203228574,32.2892197110818,17.891884,0.16150191,2009-03-19T05:12:51.935
216706530584740096,56.0988661636758,32.2878407771963,18.38378,0.22619426,2009-03-19T05:12:51.935
216706595009584128,56.1587826741671,32.279189928885,16.264784,0.062272053,2009-03-19T05:12:51.935
216706599304212608,56.1592504299249,32.2794912032712,16.247894,0.061720551,2009-03-19T05:12:51.935
216706633663947648,56.1703760257008,32.2886296444818,14.423965,0.025051188,2009-03-19T05:12:51.935
216706698088821120,56.1658712589931,32.3011481803034,12.926404,0.012427039,2009-03-19T05:12:51.935
216706839823991296,56.1802381492807,32.3143936249766,16.772044,0.081977449,2009-03-19T05:12:51.935
216706732448736384,56.180351723548,32.2991746688634,14.701409,0.028589904,2009-03-19T05:12:51.935
216706839824152576,56.1866641276345,32.3177496432466,18.61763,0.26786469,2009-03-19T05:12:51.935
216706835528252160,56.1839329983825,32.3243987063226,14.885623,0.031231828,2009-03-19T05:12:51.935
216706835528253056,56.1821034930006,32.329797610841,17.511035,0.12658857,2009-03-19T05:12:51.935
216706771102889728,56.203436979692,32.3129078834414,14.86958,0.030991636,2009-03-19T05:12:51.935
216706766808903424,56.189782287178,32.3055165247388,15.833302,0.049824176,2009-03-19T05:12:51.935
216706771102892032,56.1971173980099,32.3106746019217,16.624914,0.075568189,2009-03-19T05:12:51.935
216706771102893056,56.189790670563,32.3121928137988,16.98948,0.092721778,2009-03-19T05:12:51.935
216706732448557568,56.1744501532941,32.299064113408,14.689717,0.0284305,2009-03-19T05:12:51.935
216706942903208320,56.1296839733274,32.3134626046127,14.472417,0.02563404,2009-03-19T05:12:51.935
216706874182529280,56.1405271481339,32.3073856541346,16.666307,0.077307421,2009-03-19T05:12:51.935
216706904247437568,56.1516415760324,32.3186494168135,16.850323,0.085659136,2009-03-19T05:12:51.935
216706938607594880,56.1336595161847,32.3043155986655,17.954908,0.16838523,2009-03-19T05:12:51.935
216706942901592832,56.1271174996813,32.3106209185722,18.398834,0.22863047,2009-03-19T05:12:51.935
216706904247436288,56.147886244462,32.3141828936393,16.886736,0.087441038,2009-03-19T05:12:51.935
216706904247260928,56.1546918363988,32.3127137878373,17.913845,0.1638602,2009-03-19T05:12:51.935
216707011622683392,56.16160132437,32.3182129402664,14.48494,0.025786993,2009-03-19T05:12:51.935
216707011622682624,56.1654298863888,32.324662042946,14.213957,0.022681604,2009-03-19T05:12:51.935
216707080342159616,56.1432574651202,32.3324696211806,15.244143,0.037163801,2009-03-19T05:12:51.935
216707080342158336,56.1531260276674,32.3399553445597,15.25375,0.037338881,2009-03-19T05:12:51.935
216707041685691520,56.1714881185035,32.3403322714033,18.137518,0.19047906,2009-03-19T05:12:51.935
216707080340536960,56.1520424717648,32.3321158810898,16.820698,0.084242342,2009-03-19T05:12:51.935
216707076045964160,56.1583127862907,32.3345682522878,16.241199,0.061503529,2009-03-19T05:12:51.935
216707114701896576,56.163269580009,32.3358142737386,13.655161,0.017447131,2009-03-19T05:12:51.935
216707114701894656,56.1665800408926,32.3469905656026,16.328606,0.064409766,2009-03-19T05:12:51.935
216707247844811520,56.251733351424,32.2976532998669,17.247831,0.10785926,2009-03-19T05:12:51.935
216707217781267456,56.23641840989,32.28430727057,15.189645,0.036187669,2009-03-19T05:12:51.935
216707247844807808,56.2466746717369,32.2922095030974,13.871015,0.019302477,2009-03-19T05:12:51.935
216707355218896256,56.2584908793707,32.3100226789312,16.241687,0.061519314,2009-03-19T05:12:51.935
216707282208729984,56.2723791435376,32.3007928073277,16.776435,0.082178794,2009-03-19T05:12:51.935
216707286500586368,56.2713234172833,32.3011581020455,16.593938,0.074297722,2009-03-19T05:12:51.935
216707419643506944,56.22416155298,32.30330397989,18.442261,0.23583801,2009-03-19T05:12:51.935
216707527017939072,56.23333489815,32.31617159349,18.669769,0.2783697,2009-03-19T05:12:51.935
216707419644044416,56.23074370976,32.29295277054,17.747302,0.14698409,2009-03-19T05:12:51.935
216707522723264000,56.2220400400326,32.3167043371799,17.272863,0.10948446,2009-03-19T05:12:51.935
216707488363411968,56.2210879241762,32.3129453651969,16.654256,0.076796063,2009-03-19T05:12:51.935
216707423938555264,56.2271592968438,32.301948557323,17.867983,0.15898295,2009-03-19T05:12:51.935
216707595736594816,56.25805908653,32.32811115358,17.455414,0.12231118,2009-03-19T05:12:51.935
216707595736593408,56.2538736039443,32.3354352947066,18.05808,0.18045435,2009-03-19T05:12:51.935
216707557082471040,56.2485518798755,32.3254703852966,15.709049,0.046792812,2009-03-19T05:12:51.935
216708278636504192,56.21451408423,32.33164251641,16.932365,0.089739065,2009-03-19T05:12:51.935
216708248571630848,56.2125768595949,32.3246997249933,18.704622,0.28566428,2009-03-19T05:12:51.935
216708347355752576,56.2141718814719,32.3448137028127,17.73993,0.14628826,2009-03-19T05:12:51.935
216708248573262592,56.1987772397829,32.3199402973726,11.901723,0.0077339315,2009-03-19T05:12:51.935
216708386010577664,56.2263330666125,32.3411820350536,17.195456,0.10455504,2009-03-19T05:12:51.935
216708454730792064,56.21272056849,32.36027987649,22.143604,5.3912824,2009-03-19T05:12:51.935
216708386011314048,56.2230373078552,32.345618778201,19.962435,0.78069002,2009-03-19T05:12:51.935
216708450434971648,56.2216039231763,32.3515991444277,16.97935,0.092183896,2009-03-19T05:12:51.935
216708450435096704,56.2161349709535,32.3523805973359,18.28468,0.21091733,2009-03-19T05:12:51.935
216708557810903296,56.1949486486731,32.3562911708158,16.182177,0.059629032,2009-03-19T05:12:51.935
216708587875152896,56.1687010850624,32.3584577551765,17.852676,0.15739538,2009-03-19T05:12:51.935
216708622233670528,56.1798868999416,32.36074215768,19.921847,0.75438916,2009-03-19T05:12:51.935
216708523450268032,56.18283452767,32.34467263846,18.036316,0.17782176,2009-03-19T05:12:51.935
216708557810903808,56.1909107721901,32.3550303392344,16.141381,0.058372798,2009-03-19T05:12:51.935
216718178537782400,56.0911126509888,32.2909126647644,14.661334,0.028047506,2009-03-19T05:12:51.935
216718144176854656,56.06955844518,32.27269798663,18.200561,0.19892442,2009-03-19T05:12:51.935
216718139882412416,56.07368860205,32.27582446846,18.374521,0.22471145,2009-03-19T05:12:51.935
216718242961634176,56.0775307969039,32.3056459656694,16.785055,0.08257574,2009-03-19T05:12:51.935
216718178536051456,56.07987138494,32.28847707045,6.7120037,0.00070762387,2009-03-19T05:12:51.935
216718178537659392,56.079716476089,32.2882474350319,6.7119643,0.00070761105,2009-03-19T05:12:51.935
216718247257134848,56.070336863181,32.3048136740449,14.714279,0.02876646,2009-03-19T05:12:51.935
216718380400510848,56.0889909284053,32.32219022198,18.811222,0.30941663,2009-03-19T05:12:51.935
216718380400510720,56.0949101974567,32.3208450479919,18.531497,0.25152508,2009-03-19T05:12:51.935
216718281615809024,56.1016046446503,32.2997495955851,19.864801,0.71903459,2009-03-19T05:12:51.935
216718315975701760,56.1016209149452,32.31326989631,19.131095,0.39579679,2009-03-19T05:12:51.935
216718384694470400,56.088700009636,32.3208284930588,18.713339,0.2875241,2009-03-19T05:12:51.935
216718380400490112,56.0943859680785,32.3223728752868,16.425422,0.067822567,2009-03-19T05:12:51.935
216718380400489728,56.0996321066783,32.320559414755,17.059641,0.096556011,2009-03-19T05:12:51.935
216718380400489472,56.096722648221,32.3160006852455,16.997357,0.093142705,2009-03-19T05:12:51.935
216718453415564416,56.0661293325306,32.3109928559196,15.438153,0.040882735,2009-03-19T05:12:51.935
216718483479704448,56.0497797959685,32.3114787018608,16.625975,0.075612159,2009-03-19T05:12:51.935
216718414760325760,56.0479755224,32.30262899203,16.530932,0.07179272,2009-03-19T05:12:51.935
216718449120063616,56.066398806164,32.3036324001198,17.734153,0.14574578,2009-03-19T05:12:51.935
216718522135040256,56.0476681572178,32.3278277869459,13.818265,0.018831042,2009-03-19T05:12:51.935
216718419054838016,56.04869056919,32.30670621555,18.808209,0.30871412,2009-03-19T05:12:51.935
216718556493573888,56.0683112725927,32.3245848685048,17.705244,0.14306878,2009-03-19T05:12:51.935
216718625213050496,56.0695810491061,32.3325443411795,17.968148,0.169877,2009-03-19T05:12:51.935
216718655277513344,56.0727626574426,32.3451823989465,16.158799,0.058905274,2009-03-19T05:12:51.935
216718556493162752,56.0713881860883,32.3275759292734,17.646005,0.13777196,2009-03-19T05:12:51.935
216718620918659072,56.0634407248322,32.328378732133,14.907754,0.031566487,2009-03-19T05:12:51.935
216718552199181696,56.0763839650252,32.32203094062,17.969321,0.17001004,2009-03-19T05:12:51.935
216718552199181440,56.0762461266256,32.3163345255454,15.04225,0.033685697,2009-03-19T05:12:51.935
216718792716213888,56.1254717770252,32.3420070745019,18.353632,0.22140894,2009-03-19T05:12:51.935
216718723996735616,56.1308499553726,32.3402149621925,16.858201,0.086040853,2009-03-19T05:12:51.935
216718792716338048,56.1133914396677,32.3413186389157,14.739028,0.029109267,2009-03-19T05:12:51.935
216718758357708288,56.1061161822584,32.3279914890044,18.284473,0.21088677,2009-03-19T05:12:51.935
216718728291847424,56.1341222432914,32.3267810067496,15.651217,0.045454121,2009-03-19T05:12:51.935
216718728292707072,56.13751653855,32.33448050993,18.566119,0.25794583,2009-03-19T05:12:51.935
216718693932111872,56.1245453892875,32.3224988104993,13.470946,0.016009218,2009-03-19T05:12:51.935
216718693932112000,56.1249260276879,32.3229897565364,13.467366,0.01598251,2009-03-19T05:12:51.935
216718693932744832,56.11959536642,32.32172523827,19.485038,0.52522389,2009-03-19T05:12:51.935
216718861435702272,56.1436876816845,32.357603985834,18.424176,0.2328037,2009-03-19T05:12:51.935
216718861435929600,56.1567788086235,32.3591493369431,19.404366,0.49198341,2009-03-19T05:12:51.935
216719037531112832,56.0869571081365,32.345534952266,13.944313,0.019977918,2009-03-19T05:12:51.935
216719003171502592,56.1099506366847,32.3508827866167,16.73512,0.080308392,2009-03-19T05:12:51.935
216718968810654080,56.1008190136795,32.341383415871,18.744225,0.29422921,2009-03-19T05:12:51.935
216719312409023360,56.0226590264606,32.3317833429536,16.849241,0.085606878,2009-03-19T05:12:51.935
216719239393516416,56.0335854516599,32.3280321493428,17.415442,0.11934845,2009-03-19T05:12:51.935
216719308112822400,56.0208745889158,32.334300881715,18.215109,0.20093777,2009-03-19T05:12:51.935
216719243689547648,56.0232808331878,32.3252707438208,15.36239,0.039383365,2009-03-19T05:12:51.935
